Inv_Id,Product_Category
6,CLASS-75
12,CLASS-75
14,CLASS-75
18,CLASS-75
19,CLASS-75
20,CLASS-75
22,CLASS-75
25,CLASS-49
27,CLASS-49
36,CLASS-913
37,CLASS-368
40,CLASS-49
47,CLASS-230
48,CLASS-230
50,CLASS-322
54,CLASS-230
60,CLASS-230
63,CLASS-230
65,CLASS-230
66,CLASS-49
68,CLASS-230
71,CLASS-230
74,CLASS-230
75,CLASS-230
77,CLASS-230
79,CLASS-230
87,CLASS-95
96,CLASS-230
99,CLASS-230
112,CLASS-947
113,CLASS-177
116,CLASS-651
121,CLASS-75
122,CLASS-75
123,CLASS-75
128,CLASS-177
138,CLASS-177
140,CLASS-177
144,CLASS-177
150,CLASS-177
152,CLASS-177
154,CLASS-177
160,CLASS-177
162,CLASS-177
163,CLASS-177
166,CLASS-177
167,CLASS-177
169,CLASS-177
171,CLASS-177
173,CLASS-177
178,CLASS-177
184,CLASS-177
196,CLASS-177
197,CLASS-177
198,CLASS-177
203,CLASS-177
204,CLASS-177
211,CLASS-177
214,CLASS-177
216,CLASS-177
217,CLASS-177
218,CLASS-177
221,CLASS-177
223,CLASS-177
224,CLASS-177
225,CLASS-177
227,CLASS-177
233,CLASS-177
235,CLASS-177
237,CLASS-177
239,CLASS-177
241,CLASS-177
247,CLASS-177
249,CLASS-177
261,CLASS-177
262,CLASS-177
263,CLASS-177
266,CLASS-177
274,CLASS-177
276,CLASS-177
278,CLASS-177
287,CLASS-177
289,CLASS-177
291,CLASS-177
292,CLASS-177
300,CLASS-177
301,CLASS-177
303,CLASS-177
305,CLASS-177
306,CLASS-177
312,CLASS-177
313,CLASS-177
314,CLASS-177
315,CLASS-177
317,CLASS-177
322,CLASS-177
328,CLASS-177
333,CLASS-177
340,CLASS-177
346,CLASS-177
348,CLASS-177
351,CLASS-177
361,CLASS-177
363,CLASS-177
376,CLASS-177
377,CLASS-177
378,CLASS-177
387,CLASS-177
391,CLASS-177
404,CLASS-177
405,CLASS-177
408,CLASS-177
412,CLASS-177
414,CLASS-177
423,CLASS-177
424,CLASS-177
428,CLASS-177
429,CLASS-177
434,CLASS-177
435,CLASS-177
437,CLASS-177
441,CLASS-177
442,CLASS-177
454,CLASS-177
456,CLASS-177
460,CLASS-177
462,CLASS-177
463,CLASS-177
470,CLASS-177
475,CLASS-177
476,CLASS-177
480,CLASS-947
482,CLASS-368
487,CLASS-671
493,CLASS-177
503,CLASS-177
506,CLASS-177
508,CLASS-177
513,CLASS-177
516,CLASS-177
518,CLASS-177
520,CLASS-177
525,CLASS-177
535,CLASS-177
536,CLASS-177
537,CLASS-177
538,CLASS-177
545,CLASS-177
550,CLASS-177
552,CLASS-177
553,CLASS-453
561,CLASS-1042
563,CLASS-1042
565,CLASS-1042
566,CLASS-1042
571,CLASS-1042
573,CLASS-1042
575,CLASS-1042
578,CLASS-1042
580,CLASS-1042
584,CLASS-1042
592,CLASS-49
596,CLASS-49
597,CLASS-49
599,CLASS-49
604,CLASS-49
607,CLASS-49
609,CLASS-49
610,CLASS-49
623,CLASS-368
625,CLASS-368
627,CLASS-368
629,CLASS-671
637,CLASS-177
646,CLASS-177
647,CLASS-177
661,CLASS-177
664,CLASS-177
669,CLASS-177
671,CLASS-177
673,CLASS-177
674,CLASS-177
678,CLASS-177
682,CLASS-177
687,CLASS-177
691,CLASS-177
693,CLASS-177
699,CLASS-177
700,CLASS-177
702,CLASS-177
706,CLASS-177
708,CLASS-177
712,CLASS-177
714,CLASS-177
715,CLASS-177
716,CLASS-177
717,CLASS-177
719,CLASS-177
720,CLASS-177
721,CLASS-177
722,CLASS-177
725,CLASS-177
729,CLASS-177
730,CLASS-177
731,CLASS-177
733,CLASS-177
746,CLASS-804
750,CLASS-804
752,CLASS-804
753,CLASS-804
757,CLASS-49
765,CLASS-368
767,CLASS-368
769,CLASS-368
778,CLASS-368
779,CLASS-368
780,CLASS-368
787,CLASS-368
790,CLASS-368
791,CLASS-368
794,CLASS-368
795,CLASS-368
796,CLASS-368
797,CLASS-368
802,CLASS-368
805,CLASS-368
808,CLASS-368
811,CLASS-368
813,CLASS-368
814,CLASS-368
823,CLASS-368
829,CLASS-368
831,CLASS-368
836,CLASS-368
841,CLASS-368
843,CLASS-368
844,CLASS-368
846,CLASS-368
850,CLASS-368
852,CLASS-368
853,CLASS-368
856,CLASS-368
861,CLASS-368
868,CLASS-804
870,CLASS-804
878,CLASS-804
881,CLASS-804
888,CLASS-49
890,CLASS-804
891,CLASS-804
894,CLASS-1042
895,CLASS-1042
901,CLASS-1042
912,CLASS-671
918,CLASS-110
921,CLASS-110
922,CLASS-110
923,CLASS-110
926,CLASS-110
931,CLASS-110
933,CLASS-110
936,CLASS-110
941,CLASS-110
942,CLASS-110
944,CLASS-110
945,CLASS-110
947,CLASS-110
955,CLASS-110
958,CLASS-278
960,CLASS-278
961,CLASS-278
965,CLASS-278
966,CLASS-278
977,CLASS-278
979,CLASS-278
981,CLASS-278
985,CLASS-278
986,CLASS-278
994,CLASS-278
1001,CLASS-278
1002,CLASS-278
1003,CLASS-278
1004,CLASS-278
1008,CLASS-278
1009,CLASS-278
1012,CLASS-278
1013,CLASS-278
1015,CLASS-278
1019,CLASS-278
1021,CLASS-278
1022,CLASS-278
1023,CLASS-278
1025,CLASS-278
1029,CLASS-278
1031,CLASS-278
1035,CLASS-913
1040,CLASS-522
1041,CLASS-522
1049,CLASS-522
1050,CLASS-522
1052,CLASS-522
1057,CLASS-522
1059,CLASS-522
1062,CLASS-522
1063,CLASS-522
1064,CLASS-522
1065,CLASS-522
1071,CLASS-522
1072,CLASS-522
1082,CLASS-522
1095,CLASS-110
1102,CLASS-522
1107,CLASS-110
1108,CLASS-522
1116,CLASS-522
1119,CLASS-110
1120,CLASS-522
1125,CLASS-522
1127,CLASS-522
1128,CLASS-522
1129,CLASS-522
1136,CLASS-522
1137,CLASS-522
1145,CLASS-522
1146,CLASS-522
1147,CLASS-522
1152,CLASS-522
1154,CLASS-522
1155,CLASS-522
1158,CLASS-522
1163,CLASS-522
1164,CLASS-522
1169,CLASS-522
1170,CLASS-522
1176,CLASS-110
1180,CLASS-522
1188,CLASS-522
1189,CLASS-522
1193,CLASS-522
1198,CLASS-522
1203,CLASS-110
1204,CLASS-110
1206,CLASS-110
1208,CLASS-110
1209,CLASS-110
1217,CLASS-651
1220,CLASS-651
1231,CLASS-651
1233,CLASS-651
1239,CLASS-95
1244,CLASS-95
1246,CLASS-95
1249,CLASS-95
1251,CLASS-95
1252,CLASS-95
1255,CLASS-95
1256,CLASS-95
1264,CLASS-95
1267,CLASS-95
1270,CLASS-95
1273,CLASS-95
1274,CLASS-95
1275,CLASS-49
1276,CLASS-230
1282,CLASS-230
1286,CLASS-230
1289,CLASS-230
1292,CLASS-230
1293,CLASS-947
1295,CLASS-230
1297,CLASS-947
1299,CLASS-230
1300,CLASS-230
1305,CLASS-230
1307,CLASS-230
1308,CLASS-230
1309,CLASS-230
1312,CLASS-947
1316,CLASS-947
1320,CLASS-947
1323,CLASS-230
1329,CLASS-230
1331,CLASS-947
1333,CLASS-947
1341,CLASS-230
1346,CLASS-230
1354,CLASS-947
1357,CLASS-230
1358,CLASS-230
1361,CLASS-230
1370,CLASS-110
1376,CLASS-651
1381,CLASS-651
1384,CLASS-651
1386,CLASS-651
1389,CLASS-651
1392,CLASS-651
1394,CLASS-651
1395,CLASS-651
1397,CLASS-651
1404,CLASS-651
1405,CLASS-651
1406,CLASS-651
1416,CLASS-651
1417,CLASS-651
1422,CLASS-651
1440,CLASS-651
1443,CLASS-651
1453,CLASS-230
1456,CLASS-913
1458,CLASS-947
1464,CLASS-278
1465,CLASS-49
1467,CLASS-49
1468,CLASS-49
1469,CLASS-49
1471,CLASS-278
1474,CLASS-49
1476,CLASS-49
1479,CLASS-49
1480,CLASS-49
1493,CLASS-368
1497,CLASS-671
1501,CLASS-368
1502,CLASS-671
1510,CLASS-913
1512,CLASS-942
1518,CLASS-942
1524,CLASS-942
1532,CLASS-942
1533,CLASS-942
1534,CLASS-942
1537,CLASS-942
1539,CLASS-942
1541,CLASS-942
1542,CLASS-942
1544,CLASS-942
1549,CLASS-942
1550,CLASS-942
1552,CLASS-942
1556,CLASS-942
1558,CLASS-942
1560,CLASS-942
1564,CLASS-942
1573,CLASS-942
1576,CLASS-942
1577,CLASS-942
1579,CLASS-942
1590,CLASS-942
1597,CLASS-942
1599,CLASS-942
1600,CLASS-942
1604,CLASS-942
1607,CLASS-942
1610,CLASS-942
1611,CLASS-942
1616,CLASS-942
1617,CLASS-942
1621,CLASS-942
1622,CLASS-942
1623,CLASS-942
1626,CLASS-942
1629,CLASS-942
1632,CLASS-942
1633,CLASS-942
1644,CLASS-942
1648,CLASS-942
1649,CLASS-942
1651,CLASS-942
1653,CLASS-942
1654,CLASS-942
1660,CLASS-942
1661,CLASS-942
1673,CLASS-764
1674,CLASS-764
1688,CLASS-764
1691,CLASS-764
1696,CLASS-764
1700,CLASS-764
1707,CLASS-913
1709,CLASS-913
1710,CLASS-764
1712,CLASS-764
1713,CLASS-764
1714,CLASS-764
1717,CLASS-764
1718,CLASS-764
1722,CLASS-764
1723,CLASS-913
1727,CLASS-764
1730,CLASS-764
1731,CLASS-764
1732,CLASS-764
1735,CLASS-764
1738,CLASS-764
1739,CLASS-764
1741,CLASS-764
1743,CLASS-764
1745,CLASS-764
1746,CLASS-764
1747,CLASS-764
1749,CLASS-764
1752,CLASS-764
1755,CLASS-764
1757,CLASS-764
1763,CLASS-764
1765,CLASS-764
1766,CLASS-764
1770,CLASS-764
1776,CLASS-764
1778,CLASS-764
1785,CLASS-913
1788,CLASS-764
1792,CLASS-764
1796,CLASS-764
1799,CLASS-764
1800,CLASS-764
1808,CLASS-764
1812,CLASS-764
1815,CLASS-764
1821,CLASS-764
1825,CLASS-764
1828,CLASS-764
1830,CLASS-764
1839,CLASS-764
1840,CLASS-764
1844,CLASS-913
1846,CLASS-764
1847,CLASS-764
1853,CLASS-764
1854,CLASS-764
1856,CLASS-764
1857,CLASS-764
1861,CLASS-764
1863,CLASS-764
1870,CLASS-764
1873,CLASS-913
1875,CLASS-913
1876,CLASS-764
1885,CLASS-764
1887,CLASS-764
1897,CLASS-764
1905,CLASS-764
1907,CLASS-764
1908,CLASS-913
1911,CLASS-764
1914,CLASS-764
1918,CLASS-913
1920,CLASS-913
1921,CLASS-764
1925,CLASS-764
1926,CLASS-764
1933,CLASS-764
1941,CLASS-764
1942,CLASS-764
1944,CLASS-764
1953,CLASS-764
1959,CLASS-764
1961,CLASS-764
1964,CLASS-764
1970,CLASS-764
1977,CLASS-764
1979,CLASS-764
1980,CLASS-764
1981,CLASS-764
1983,CLASS-913
1984,CLASS-913
1985,CLASS-764
1992,CLASS-764
1994,CLASS-764
1996,CLASS-764
2003,CLASS-764
2005,CLASS-764
2006,CLASS-764
2007,CLASS-764
2011,CLASS-764
2015,CLASS-913
2018,CLASS-50
2021,CLASS-50
2023,CLASS-50
2025,CLASS-50
2026,CLASS-50
2027,CLASS-50
2030,CLASS-50
2034,CLASS-50
2049,CLASS-50
2051,CLASS-50
2053,CLASS-50
2055,CLASS-50
2058,CLASS-50
2059,CLASS-50
2060,CLASS-50
2062,CLASS-50
2063,CLASS-50
2065,CLASS-50
2082,CLASS-50
2085,CLASS-50
2086,CLASS-50
2093,CLASS-50
2094,CLASS-50
2100,CLASS-50
2102,CLASS-50
2104,CLASS-50
2113,CLASS-50
2118,CLASS-50
2119,CLASS-50
2130,CLASS-50
2135,CLASS-50
2137,CLASS-50
2138,CLASS-50
2141,CLASS-50
2155,CLASS-50
2157,CLASS-50
2159,CLASS-50
2160,CLASS-50
2162,CLASS-50
2163,CLASS-50
2170,CLASS-50
2171,CLASS-50
2179,CLASS-50
2180,CLASS-50
2181,CLASS-50
2185,CLASS-50
2195,CLASS-50
2205,CLASS-50
2209,CLASS-50
2218,CLASS-50
2224,CLASS-50
2228,CLASS-50
2230,CLASS-50
2241,CLASS-50
2245,CLASS-368
2258,CLASS-50
2259,CLASS-50
2264,CLASS-50
2266,CLASS-50
2271,CLASS-50
2273,CLASS-49
2276,CLASS-49
2278,CLASS-49
2286,CLASS-49
2287,CLASS-49
2294,CLASS-49
2296,CLASS-50
2297,CLASS-49
2299,CLASS-50
2304,CLASS-49
2305,CLASS-49
2307,CLASS-50
2308,CLASS-49
2310,CLASS-49
2312,CLASS-49
2314,CLASS-49
2316,CLASS-49
2325,CLASS-50
2331,CLASS-49
2334,CLASS-49
2337,CLASS-49
2340,CLASS-49
2350,CLASS-49
2353,CLASS-49
2355,CLASS-49
2356,CLASS-49
2380,CLASS-49
2381,CLASS-49
2386,CLASS-50
2387,CLASS-49
2390,CLASS-49
2391,CLASS-50
2394,CLASS-49
2396,CLASS-49
2398,CLASS-49
2399,CLASS-49
2401,CLASS-49
2402,CLASS-49
2408,CLASS-49
2410,CLASS-49
2411,CLASS-49
2414,CLASS-49
2422,CLASS-49
2423,CLASS-49
2424,CLASS-49
2425,CLASS-49
2431,CLASS-49
2435,CLASS-49
2437,CLASS-49
2440,CLASS-49
2443,CLASS-49
2445,CLASS-49
2449,CLASS-49
2452,CLASS-49
2454,CLASS-49
2455,CLASS-49
2458,CLASS-49
2461,CLASS-49
2474,CLASS-49
2475,CLASS-49
2478,CLASS-49
2482,CLASS-49
2486,CLASS-49
2494,CLASS-49
2501,CLASS-49
2503,CLASS-49
2504,CLASS-49
2507,CLASS-49
2508,CLASS-49
2513,CLASS-49
2516,CLASS-49
2526,CLASS-49
2527,CLASS-49
2534,CLASS-49
2538,CLASS-49
2539,CLASS-49
2540,CLASS-49
2543,CLASS-49
2544,CLASS-49
2547,CLASS-49
2551,CLASS-49
2557,CLASS-49
2558,CLASS-49
2561,CLASS-49
2563,CLASS-49
2565,CLASS-49
2566,CLASS-49
2568,CLASS-49
2569,CLASS-49
2570,CLASS-49
2572,CLASS-49
2579,CLASS-49
2581,CLASS-49
2587,CLASS-49
2588,CLASS-49
2596,CLASS-49
2600,CLASS-50
2601,CLASS-50
2605,CLASS-50
2607,CLASS-49
2608,CLASS-49
2615,CLASS-49
2619,CLASS-50
2622,CLASS-50
2625,CLASS-49
2627,CLASS-50
2632,CLASS-49
2636,CLASS-49
2638,CLASS-49
2639,CLASS-49
2642,CLASS-49
2645,CLASS-50
2646,CLASS-49
2651,CLASS-50
2653,CLASS-50
2654,CLASS-49
2656,CLASS-49
2658,CLASS-49
2660,CLASS-49
2663,CLASS-50
2681,CLASS-49
2684,CLASS-49
2686,CLASS-50
2690,CLASS-49
2693,CLASS-49
2700,CLASS-49
2707,CLASS-49
2710,CLASS-49
2715,CLASS-49
2719,CLASS-49
2722,CLASS-49
2727,CLASS-50
2728,CLASS-49
2732,CLASS-49
2736,CLASS-49
2738,CLASS-50
2743,CLASS-49
2753,CLASS-49
2759,CLASS-49
2762,CLASS-49
2763,CLASS-49
2765,CLASS-49
2766,CLASS-49
2771,CLASS-49
2773,CLASS-49
2775,CLASS-50
2781,CLASS-49
2784,CLASS-49
2787,CLASS-49
2792,CLASS-49
2793,CLASS-49
2802,CLASS-49
2803,CLASS-50
2805,CLASS-50
2813,CLASS-49
2814,CLASS-49
2816,CLASS-49
2817,CLASS-49
2820,CLASS-49
2824,CLASS-49
2830,CLASS-49
2834,CLASS-49
2840,CLASS-49
2844,CLASS-49
2854,CLASS-50
2857,CLASS-49
2859,CLASS-49
2871,CLASS-49
2873,CLASS-49
2881,CLASS-49
2889,CLASS-49
2890,CLASS-49
2892,CLASS-50
2895,CLASS-49
2900,CLASS-49
2901,CLASS-49
2905,CLASS-49
2912,CLASS-50
2914,CLASS-559
2915,CLASS-559
2924,CLASS-559
2925,CLASS-559
2926,CLASS-559
2928,CLASS-559
2929,CLASS-559
2931,CLASS-559
2932,CLASS-559
2933,CLASS-559
2939,CLASS-559
2944,CLASS-559
2948,CLASS-559
2952,CLASS-559
2954,CLASS-559
2961,CLASS-559
2962,CLASS-559
2964,CLASS-559
2965,CLASS-559
2969,CLASS-559
2970,CLASS-559
2977,CLASS-559
2980,CLASS-559
2982,CLASS-559
2985,CLASS-559
2986,CLASS-559
2993,CLASS-559
2996,CLASS-559
3005,CLASS-559
3007,CLASS-559
3009,CLASS-559
3010,CLASS-559
3015,CLASS-559
3023,CLASS-559
3025,CLASS-559
3031,CLASS-559
3034,CLASS-559
3035,CLASS-559
3036,CLASS-559
3037,CLASS-559
3040,CLASS-559
3043,CLASS-559
3046,CLASS-559
3047,CLASS-559
3050,CLASS-559
3055,CLASS-559
3063,CLASS-559
3064,CLASS-559
3069,CLASS-559
3070,CLASS-559
3071,CLASS-559
3072,CLASS-559
3077,CLASS-559
3078,CLASS-559
3080,CLASS-559
3086,CLASS-559
3090,CLASS-559
3093,CLASS-559
3096,CLASS-559
3103,CLASS-559
3105,CLASS-559
3110,CLASS-559
3111,CLASS-559
3112,CLASS-559
3113,CLASS-559
3117,CLASS-559
3118,CLASS-559
3123,CLASS-559
3125,CLASS-559
3129,CLASS-559
3130,CLASS-559
3132,CLASS-559
3135,CLASS-559
3143,CLASS-559
3156,CLASS-559
3157,CLASS-559
3158,CLASS-559
3160,CLASS-559
3165,CLASS-559
3167,CLASS-559
3170,CLASS-559
3171,CLASS-559
3173,CLASS-559
3177,CLASS-559
3181,CLASS-559
3183,CLASS-559
3195,CLASS-559
3196,CLASS-559
3202,CLASS-559
3205,CLASS-559
3212,CLASS-559
3214,CLASS-559
3215,CLASS-559
3218,CLASS-559
3227,CLASS-559
3232,CLASS-559
3233,CLASS-559
3235,CLASS-559
3236,CLASS-559
3239,CLASS-559
3243,CLASS-559
3244,CLASS-559
3253,CLASS-559
3254,CLASS-559
3256,CLASS-559
3257,CLASS-559
3262,CLASS-559
3265,CLASS-559
3268,CLASS-559
3269,CLASS-559
3270,CLASS-559
3272,CLASS-559
3275,CLASS-559
3276,CLASS-559
3280,CLASS-559
3283,CLASS-559
3289,CLASS-559
3290,CLASS-559
3292,CLASS-559
3294,CLASS-559
3295,CLASS-559
3299,CLASS-559
3301,CLASS-559
3303,CLASS-559
3312,CLASS-559
3318,CLASS-559
3322,CLASS-559
3331,CLASS-559
3337,CLASS-559
3340,CLASS-559
3341,CLASS-559
3342,CLASS-559
3345,CLASS-559
3350,CLASS-559
3354,CLASS-559
3355,CLASS-559
3358,CLASS-559
3359,CLASS-559
3361,CLASS-559
3369,CLASS-559
3372,CLASS-559
3386,CLASS-559
3387,CLASS-559
3391,CLASS-559
3393,CLASS-559
3396,CLASS-559
3399,CLASS-559
3402,CLASS-559
3403,CLASS-559
3404,CLASS-559
3409,CLASS-559
3413,CLASS-559
3417,CLASS-559
3418,CLASS-559
3424,CLASS-559
3425,CLASS-559
3427,CLASS-559
3428,CLASS-559
3431,CLASS-559
3433,CLASS-559
3436,CLASS-559
3439,CLASS-559
3446,CLASS-559
3447,CLASS-559
3457,CLASS-559
3460,CLASS-559
3462,CLASS-559
3464,CLASS-559
3466,CLASS-559
3467,CLASS-559
3478,CLASS-559
3480,CLASS-559
3483,CLASS-559
3490,CLASS-559
3492,CLASS-559
3494,CLASS-559
3497,CLASS-559
3500,CLASS-559
3504,CLASS-559
3506,CLASS-559
3509,CLASS-559
3510,CLASS-559
3518,CLASS-559
3520,CLASS-559
3521,CLASS-559
3522,CLASS-559
3526,CLASS-559
3530,CLASS-559
3531,CLASS-559
3533,CLASS-559
3534,CLASS-559
3535,CLASS-559
3537,CLASS-559
3538,CLASS-559
3543,CLASS-559
3544,CLASS-559
3545,CLASS-559
3548,CLASS-559
3550,CLASS-559
3552,CLASS-559
3553,CLASS-559
3556,CLASS-559
3559,CLASS-559
3561,CLASS-559
3562,CLASS-559
3568,CLASS-559
3570,CLASS-559
3576,CLASS-559
3578,CLASS-559
3580,CLASS-559
3586,CLASS-559
3590,CLASS-559
3592,CLASS-559
3598,CLASS-559
3599,CLASS-559
3607,CLASS-559
3614,CLASS-559
3615,CLASS-559
3616,CLASS-559
3620,CLASS-559
3621,CLASS-559
3636,CLASS-559
3640,CLASS-559
3641,CLASS-559
3642,CLASS-559
3644,CLASS-559
3647,CLASS-559
3650,CLASS-559
3652,CLASS-559
3655,CLASS-559
3657,CLASS-559
3659,CLASS-559
3667,CLASS-559
3668,CLASS-559
3670,CLASS-559
3673,CLASS-559
3677,CLASS-559
3682,CLASS-559
3684,CLASS-559
3686,CLASS-559
3689,CLASS-559
3690,CLASS-559
3692,CLASS-559
3693,CLASS-559
3695,CLASS-559
3708,CLASS-559
3712,CLASS-559
3718,CLASS-559
3719,CLASS-559
3726,CLASS-559
3729,CLASS-559
3730,CLASS-559
3734,CLASS-559
3745,CLASS-559
3747,CLASS-559
3757,CLASS-559
3758,CLASS-559
3760,CLASS-559
3763,CLASS-559
3765,CLASS-559
3769,CLASS-559
3771,CLASS-559
3775,CLASS-559
3778,CLASS-559
3786,CLASS-559
3791,CLASS-559
3796,CLASS-559
3799,CLASS-559
3800,CLASS-559
3805,CLASS-559
3808,CLASS-559
3814,CLASS-559
3816,CLASS-559
3819,CLASS-559
3820,CLASS-559
3830,CLASS-559
3831,CLASS-559
3833,CLASS-559
3839,CLASS-559
3841,CLASS-559
3851,CLASS-559
3862,CLASS-559
3872,CLASS-559
3875,CLASS-559
3885,CLASS-559
3887,CLASS-559
3888,CLASS-559
3891,CLASS-559
3895,CLASS-559
3896,CLASS-559
3901,CLASS-559
3911,CLASS-559
3915,CLASS-559
3917,CLASS-559
3925,CLASS-559
3927,CLASS-559
3928,CLASS-559
3933,CLASS-559
3935,CLASS-559
3936,CLASS-559
3937,CLASS-559
3945,CLASS-559
3946,CLASS-559
3948,CLASS-559
3949,CLASS-559
3954,CLASS-559
3956,CLASS-559
3960,CLASS-559
3963,CLASS-559
3975,CLASS-559
3977,CLASS-559
3978,CLASS-559
3984,CLASS-559
3994,CLASS-559
4000,CLASS-559
4002,CLASS-559
4006,CLASS-559
4010,CLASS-559
4011,CLASS-559
4012,CLASS-559
4015,CLASS-559
4017,CLASS-559
4019,CLASS-559
4026,CLASS-559
4027,CLASS-559
4038,CLASS-559
4043,CLASS-559
4044,CLASS-559
4045,CLASS-559
4054,CLASS-559
4060,CLASS-559
4061,CLASS-559
4063,CLASS-559
4066,CLASS-559
4070,CLASS-559
4071,CLASS-559
4081,CLASS-559
4082,CLASS-559
4084,CLASS-559
4086,CLASS-559
4091,CLASS-559
4092,CLASS-559
4094,CLASS-559
4098,CLASS-559
4103,CLASS-559
4104,CLASS-559
4106,CLASS-559
4108,CLASS-559
4109,CLASS-559
4110,CLASS-559
4111,CLASS-559
4113,CLASS-559
4117,CLASS-559
4118,CLASS-559
4120,CLASS-559
4129,CLASS-559
4131,CLASS-559
4134,CLASS-559
4135,CLASS-559
4136,CLASS-559
4140,CLASS-559
4145,CLASS-559
4150,CLASS-559
4168,CLASS-559
4170,CLASS-559
4173,CLASS-559
4176,CLASS-559
4180,CLASS-559
4182,CLASS-559
4183,CLASS-559
4184,CLASS-559
4185,CLASS-559
4190,CLASS-559
4198,CLASS-559
4207,CLASS-559
4208,CLASS-559
4213,CLASS-559
4219,CLASS-559
4220,CLASS-559
4227,CLASS-559
4228,CLASS-559
4230,CLASS-559
4234,CLASS-559
4238,CLASS-559
4242,CLASS-559
4248,CLASS-559
4250,CLASS-559
4251,CLASS-559
4254,CLASS-559
4257,CLASS-559
4259,CLASS-559
4265,CLASS-559
4267,CLASS-559
4274,CLASS-559
4280,CLASS-559
4286,CLASS-559
4287,CLASS-559
4289,CLASS-559
4291,CLASS-559
4295,CLASS-559
4299,CLASS-559
4300,CLASS-559
4302,CLASS-559
4304,CLASS-559
4310,CLASS-559
4311,CLASS-559
4314,CLASS-559
4315,CLASS-559
4317,CLASS-559
4319,CLASS-559
4325,CLASS-559
4326,CLASS-559
4327,CLASS-559
4329,CLASS-559
4333,CLASS-559
4334,CLASS-559
4338,CLASS-559
4344,CLASS-559
4346,CLASS-559
4348,CLASS-559
4350,CLASS-559
4351,CLASS-559
4352,CLASS-559
4356,CLASS-559
4357,CLASS-559
4358,CLASS-559
4359,CLASS-559
4361,CLASS-559
4362,CLASS-559
4363,CLASS-559
4377,CLASS-559
4395,CLASS-559
4396,CLASS-559
4402,CLASS-559
4405,CLASS-559
4413,CLASS-559
4414,CLASS-559
4416,CLASS-559
4417,CLASS-559
4418,CLASS-559
4421,CLASS-559
4425,CLASS-559
4427,CLASS-559
4434,CLASS-559
4435,CLASS-559
4438,CLASS-559
4440,CLASS-559
4445,CLASS-559
4448,CLASS-559
4449,CLASS-559
4459,CLASS-559
4460,CLASS-559
4465,CLASS-559
4466,CLASS-559
4470,CLASS-559
4473,CLASS-559
4474,CLASS-559
4477,CLASS-559
4482,CLASS-559
4487,CLASS-559
4489,CLASS-559
4491,CLASS-559
4493,CLASS-559
4494,CLASS-559
4502,CLASS-559
4503,CLASS-559
4508,CLASS-559
4514,CLASS-559
4518,CLASS-559
4522,CLASS-559
4526,CLASS-559
4535,CLASS-559
4540,CLASS-559
4541,CLASS-559
4545,CLASS-559
4547,CLASS-559
4552,CLASS-559
4554,CLASS-559
4557,CLASS-559
4558,CLASS-559
4559,CLASS-559
4562,CLASS-559
4565,CLASS-559
4567,CLASS-559
4573,CLASS-559
4574,CLASS-559
4577,CLASS-559
4579,CLASS-559
4583,CLASS-559
4593,CLASS-559
4605,CLASS-559
4611,CLASS-559
4612,CLASS-559
4615,CLASS-559
4619,CLASS-559
4622,CLASS-559
4625,CLASS-559
4627,CLASS-559
4632,CLASS-559
4633,CLASS-559
4639,CLASS-559
4641,CLASS-559
4646,CLASS-559
4649,CLASS-559
4650,CLASS-559
4657,CLASS-559
4660,CLASS-559
4670,CLASS-559
4675,CLASS-559
4681,CLASS-559
4684,CLASS-559
4693,CLASS-559
4702,CLASS-559
4703,CLASS-559
4704,CLASS-559
4709,CLASS-559
4716,CLASS-559
4720,CLASS-559
4721,CLASS-559
4728,CLASS-559
4730,CLASS-559
4731,CLASS-559
4737,CLASS-559
4738,CLASS-559
4739,CLASS-559
4740,CLASS-559
4741,CLASS-559
4743,CLASS-559
4746,CLASS-559
4749,CLASS-559
4752,CLASS-559
4755,CLASS-559
4757,CLASS-559
4759,CLASS-559
4760,CLASS-559
4761,CLASS-559
4784,CLASS-559
4786,CLASS-559
4788,CLASS-559
4789,CLASS-559
4792,CLASS-559
4793,CLASS-559
4795,CLASS-559
4807,CLASS-559
4810,CLASS-559
4815,CLASS-559
4818,CLASS-559
4820,CLASS-559
4826,CLASS-559
4828,CLASS-559
4829,CLASS-559
4834,CLASS-559
4835,CLASS-559
4836,CLASS-559
4838,CLASS-559
4842,CLASS-559
4851,CLASS-559
4862,CLASS-559
4866,CLASS-559
4868,CLASS-559
4869,CLASS-559
4870,CLASS-559
4871,CLASS-559
4872,CLASS-559
4875,CLASS-559
4877,CLASS-559
4878,CLASS-559
4880,CLASS-559
4884,CLASS-559
4886,CLASS-559
4889,CLASS-559
4890,CLASS-559
4894,CLASS-559
4899,CLASS-559
4900,CLASS-559
4909,CLASS-559
4917,CLASS-559
4921,CLASS-559
4922,CLASS-559
4925,CLASS-559
4926,CLASS-559
4927,CLASS-559
4928,CLASS-559
4931,CLASS-559
4933,CLASS-559
4940,CLASS-559
4942,CLASS-559
4948,CLASS-559
4954,CLASS-559
4956,CLASS-559
4961,CLASS-559
4962,CLASS-559
4963,CLASS-559
4967,CLASS-559
4968,CLASS-559
4969,CLASS-559
4970,CLASS-559
4973,CLASS-559
4976,CLASS-559
4978,CLASS-559
4979,CLASS-559
4981,CLASS-559
4988,CLASS-559
4989,CLASS-559
4997,CLASS-559
4998,CLASS-559
5002,CLASS-559
5009,CLASS-559
5013,CLASS-559
5018,CLASS-559
5022,CLASS-559
5031,CLASS-559
5033,CLASS-559
5037,CLASS-559
5046,CLASS-559
5048,CLASS-559
5050,CLASS-559
5051,CLASS-559
5057,CLASS-75
5060,CLASS-75
5068,CLASS-75
5080,CLASS-75
5081,CLASS-75
5082,CLASS-947
5085,CLASS-75
5096,CLASS-75
5108,CLASS-75
5109,CLASS-75
5110,CLASS-75
5113,CLASS-75
5115,CLASS-75
5116,CLASS-75
5118,CLASS-75
5126,CLASS-75
5135,CLASS-75
5144,CLASS-75
5146,CLASS-75
5152,CLASS-75
5159,CLASS-75
5160,CLASS-75
5161,CLASS-75
5164,CLASS-75
5165,CLASS-75
5166,CLASS-947
5168,CLASS-75
5173,CLASS-75
5174,CLASS-75
5176,CLASS-75
5178,CLASS-75
5179,CLASS-75
5180,CLASS-75
5185,CLASS-947
5186,CLASS-75
5189,CLASS-75
5190,CLASS-75
5199,CLASS-75
5200,CLASS-75
5201,CLASS-75
5202,CLASS-75
5203,CLASS-947
5215,CLASS-75
5216,CLASS-75
5220,CLASS-75
5222,CLASS-75
5225,CLASS-75
5227,CLASS-75
5236,CLASS-75
5239,CLASS-75
5242,CLASS-75
5243,CLASS-75
5246,CLASS-75
5249,CLASS-75
5254,CLASS-75
5256,CLASS-75
5260,CLASS-75
5262,CLASS-75
5266,CLASS-75
5267,CLASS-75
5268,CLASS-75
5270,CLASS-75
5279,CLASS-75
5282,CLASS-75
5285,CLASS-75
5289,CLASS-75
5290,CLASS-75
5292,CLASS-75
5294,CLASS-75
5297,CLASS-75
5298,CLASS-75
5301,CLASS-75
5302,CLASS-947
5308,CLASS-75
5310,CLASS-75
5325,CLASS-75
5327,CLASS-75
5328,CLASS-75
5341,CLASS-75
5343,CLASS-75
5345,CLASS-75
5349,CLASS-75
5352,CLASS-75
5353,CLASS-75
5359,CLASS-75
5364,CLASS-75
5376,CLASS-947
5380,CLASS-75
5382,CLASS-75
5385,CLASS-75
5390,CLASS-75
5398,CLASS-75
5399,CLASS-75
5406,CLASS-75
5409,CLASS-75
5410,CLASS-75
5421,CLASS-75
5423,CLASS-75
5438,CLASS-75
5439,CLASS-75
5440,CLASS-75
5445,CLASS-75
5452,CLASS-75
5457,CLASS-75
5459,CLASS-75
5460,CLASS-75
5461,CLASS-75
5462,CLASS-75
5463,CLASS-75
5464,CLASS-75
5477,CLASS-75
5479,CLASS-75
5486,CLASS-75
5495,CLASS-75
5500,CLASS-75
5506,CLASS-75
5510,CLASS-75
5511,CLASS-75
5512,CLASS-75
5523,CLASS-947
5525,CLASS-75
5530,CLASS-75
5532,CLASS-75
5533,CLASS-75
5538,CLASS-75
5546,CLASS-75
5550,CLASS-75
5551,CLASS-75
5554,CLASS-75
5557,CLASS-75
5562,CLASS-75
5565,CLASS-75
5568,CLASS-75
5572,CLASS-75
5576,CLASS-947
5580,CLASS-75
5589,CLASS-75
5599,CLASS-75
5603,CLASS-947
5604,CLASS-75
5609,CLASS-75
5612,CLASS-75
5613,CLASS-75
5615,CLASS-75
5616,CLASS-75
5617,CLASS-75
5619,CLASS-947
5621,CLASS-75
5624,CLASS-75
5633,CLASS-75
5635,CLASS-75
5636,CLASS-75
5640,CLASS-75
5641,CLASS-75
5643,CLASS-75
5646,CLASS-75
5647,CLASS-75
5648,CLASS-75
5651,CLASS-75
5654,CLASS-75
5657,CLASS-75
5663,CLASS-75
5666,CLASS-947
5667,CLASS-75
5684,CLASS-75
5687,CLASS-75
5691,CLASS-947
5695,CLASS-947
5701,CLASS-75
5702,CLASS-75
5704,CLASS-75
5707,CLASS-75
5708,CLASS-75
5712,CLASS-75
5715,CLASS-75
5717,CLASS-75
5719,CLASS-75
5720,CLASS-75
5722,CLASS-75
5723,CLASS-75
5726,CLASS-75
5730,CLASS-75
5737,CLASS-75
5739,CLASS-75
5740,CLASS-75
5744,CLASS-75
5750,CLASS-75
5751,CLASS-75
5752,CLASS-75
5760,CLASS-75
5761,CLASS-75
5763,CLASS-75
5764,CLASS-75
5767,CLASS-947
5768,CLASS-75
5769,CLASS-75
5772,CLASS-75
5777,CLASS-947
5778,CLASS-75
5782,CLASS-75
5788,CLASS-75
5789,CLASS-75
5791,CLASS-75
5792,CLASS-75
5793,CLASS-75
5799,CLASS-75
5803,CLASS-75
5806,CLASS-947
5810,CLASS-75
5811,CLASS-947
5813,CLASS-75
5814,CLASS-75
5816,CLASS-75
5817,CLASS-75
5823,CLASS-75
5827,CLASS-75
5829,CLASS-947
5831,CLASS-75
5834,CLASS-75
5836,CLASS-75
5837,CLASS-75
5840,CLASS-75
5843,CLASS-75
5844,CLASS-75
5845,CLASS-75
5849,CLASS-75
5854,CLASS-75
5858,CLASS-75
5860,CLASS-75
5861,CLASS-75
5865,CLASS-75
5868,CLASS-75
5869,CLASS-75
5870,CLASS-75
5871,CLASS-75
5875,CLASS-75
5879,CLASS-75
5881,CLASS-75
5883,CLASS-75
5888,CLASS-75
5893,CLASS-75
5898,CLASS-75
5901,CLASS-75
5902,CLASS-75
5905,CLASS-75
5906,CLASS-75
5907,CLASS-75
5911,CLASS-75
5913,CLASS-75
5914,CLASS-75
5918,CLASS-75
5921,CLASS-75
5925,CLASS-75
5927,CLASS-75
5929,CLASS-75
5932,CLASS-75
5935,CLASS-75
5937,CLASS-75
5938,CLASS-913
5940,CLASS-913
5946,CLASS-75
5948,CLASS-75
5953,CLASS-75
5956,CLASS-75
5961,CLASS-75
5974,CLASS-75
5976,CLASS-75
5980,CLASS-75
5983,CLASS-947
5984,CLASS-75
5987,CLASS-947
5991,CLASS-947
5992,CLASS-75
5993,CLASS-75
5995,CLASS-75
5996,CLASS-75
6004,CLASS-75
6006,CLASS-75
6007,CLASS-75
6008,CLASS-75
6012,CLASS-75
6017,CLASS-75
6027,CLASS-75
6030,CLASS-75
6033,CLASS-75
6034,CLASS-75
6037,CLASS-75
6039,CLASS-75
6048,CLASS-75
6051,CLASS-75
6063,CLASS-75
6065,CLASS-75
6066,CLASS-75
6067,CLASS-75
6069,CLASS-75
6081,CLASS-947
6083,CLASS-75
6090,CLASS-75
6099,CLASS-75
6100,CLASS-75
6102,CLASS-75
6104,CLASS-75
6105,CLASS-75
6107,CLASS-75
6109,CLASS-75
6121,CLASS-75
6125,CLASS-75
6127,CLASS-75
6129,CLASS-75
6132,CLASS-75
6135,CLASS-75
6141,CLASS-947
6142,CLASS-75
6146,CLASS-75
6147,CLASS-75
6150,CLASS-75
6151,CLASS-75
6153,CLASS-75
6156,CLASS-75
6157,CLASS-75
6159,CLASS-75
6170,CLASS-75
6172,CLASS-75
6173,CLASS-75
6177,CLASS-75
6190,CLASS-75
6192,CLASS-75
6193,CLASS-75
6197,CLASS-75
6199,CLASS-913
6200,CLASS-75
6203,CLASS-75
6206,CLASS-75
6207,CLASS-75
6209,CLASS-75
6215,CLASS-75
6216,CLASS-75
6218,CLASS-75
6222,CLASS-75
6226,CLASS-947
6227,CLASS-947
6229,CLASS-75
6239,CLASS-75
6251,CLASS-75
6255,CLASS-75
6257,CLASS-75
6260,CLASS-75
6261,CLASS-75
6268,CLASS-75
6269,CLASS-75
6274,CLASS-75
6275,CLASS-947
6276,CLASS-75
6277,CLASS-947
6278,CLASS-75
6281,CLASS-75
6282,CLASS-75
6292,CLASS-453
6300,CLASS-947
6309,CLASS-75
6312,CLASS-75
6314,CLASS-75
6319,CLASS-947
6324,CLASS-947
6326,CLASS-947
6327,CLASS-947
6329,CLASS-947
6331,CLASS-947
6335,CLASS-947
6341,CLASS-947
6346,CLASS-75
6350,CLASS-913
6351,CLASS-913
6353,CLASS-913
6355,CLASS-75
6356,CLASS-75
6363,CLASS-75
6365,CLASS-75
6366,CLASS-75
6367,CLASS-75
6369,CLASS-75
6370,CLASS-75
6373,CLASS-75
6374,CLASS-947
6378,CLASS-947
6383,CLASS-75
6384,CLASS-75
6388,CLASS-75
6391,CLASS-75
6400,CLASS-75
6402,CLASS-75
6410,CLASS-75
6420,CLASS-947
6422,CLASS-75
6433,CLASS-75
6434,CLASS-75
6435,CLASS-947
6438,CLASS-75
6442,CLASS-75
6456,CLASS-75
6458,CLASS-75
6466,CLASS-75
6469,CLASS-75
6471,CLASS-75
6476,CLASS-75
6478,CLASS-947
6479,CLASS-947
6482,CLASS-75
6483,CLASS-75
6484,CLASS-75
6494,CLASS-453
6501,CLASS-453
6502,CLASS-453
6504,CLASS-947
6506,CLASS-947
6508,CLASS-651
6510,CLASS-947
6512,CLASS-947
6513,CLASS-947
6514,CLASS-651
6516,CLASS-651
6524,CLASS-651
6526,CLASS-947
6529,CLASS-651
6530,CLASS-651
6531,CLASS-947
6532,CLASS-947
6535,CLASS-651
6537,CLASS-947
6542,CLASS-947
6543,CLASS-947
6548,CLASS-947
6553,CLASS-947
6558,CLASS-947
6560,CLASS-913
6563,CLASS-913
6564,CLASS-913
6570,CLASS-913
6573,CLASS-913
6575,CLASS-913
6579,CLASS-913
6584,CLASS-913
6585,CLASS-913
6587,CLASS-913
6590,CLASS-913
6592,CLASS-913
6594,CLASS-913
6596,CLASS-913
6599,CLASS-913
6600,CLASS-913
6601,CLASS-913
6603,CLASS-913
6604,CLASS-913
6605,CLASS-913
6607,CLASS-913
6616,CLASS-913
6617,CLASS-913
6619,CLASS-913
6620,CLASS-913
6623,CLASS-913
6631,CLASS-913
6637,CLASS-913
6638,CLASS-913
6642,CLASS-913
6645,CLASS-913
6647,CLASS-913
6648,CLASS-913
6656,CLASS-913
6659,CLASS-913
6664,CLASS-913
6666,CLASS-913
6669,CLASS-913
6673,CLASS-913
6680,CLASS-913
6682,CLASS-913
6684,CLASS-913
6689,CLASS-913
6690,CLASS-913
6692,CLASS-913
6698,CLASS-913
6702,CLASS-913
6706,CLASS-913
6710,CLASS-913
6711,CLASS-913
6712,CLASS-913
6718,CLASS-913
6720,CLASS-913
6721,CLASS-913
6724,CLASS-913
6725,CLASS-913
6727,CLASS-913
6729,CLASS-559
6734,CLASS-913
6737,CLASS-913
6744,CLASS-913
6746,CLASS-913
6747,CLASS-913
6748,CLASS-913
6751,CLASS-559
6752,CLASS-913
6763,CLASS-559
6764,CLASS-913
6765,CLASS-913
6773,CLASS-913
6777,CLASS-913
6779,CLASS-913
6780,CLASS-913
6783,CLASS-913
6794,CLASS-913
6796,CLASS-913
6797,CLASS-913
6803,CLASS-913
6804,CLASS-913
6805,CLASS-913
6811,CLASS-913
6812,CLASS-913
6816,CLASS-913
6818,CLASS-913
6820,CLASS-913
6823,CLASS-913
6826,CLASS-913
6830,CLASS-913
6834,CLASS-913
6838,CLASS-913
6841,CLASS-913
6842,CLASS-913
6852,CLASS-913
6856,CLASS-913
6857,CLASS-913
6858,CLASS-913
6859,CLASS-913
6860,CLASS-913
6861,CLASS-913
6864,CLASS-913
6867,CLASS-913
6868,CLASS-913
6869,CLASS-913
6871,CLASS-913
6873,CLASS-913
6874,CLASS-913
6881,CLASS-913
6882,CLASS-913
6885,CLASS-913
6891,CLASS-913
6898,CLASS-913
6899,CLASS-913
6901,CLASS-913
6905,CLASS-913
6906,CLASS-913
6907,CLASS-913
6908,CLASS-913
6909,CLASS-913
6910,CLASS-913
6920,CLASS-913
6922,CLASS-913
6924,CLASS-913
6925,CLASS-913
6928,CLASS-913
6933,CLASS-913
6934,CLASS-913
6935,CLASS-913
6942,CLASS-913
6947,CLASS-913
6955,CLASS-913
6956,CLASS-913
6957,CLASS-913
6963,CLASS-559
6964,CLASS-913
6968,CLASS-913
6971,CLASS-913
6976,CLASS-913
6977,CLASS-913
6979,CLASS-913
6988,CLASS-913
6993,CLASS-913
6995,CLASS-913
6996,CLASS-913
6998,CLASS-913
7000,CLASS-913
7001,CLASS-913
7014,CLASS-913
7016,CLASS-913
7018,CLASS-913
7024,CLASS-913
7036,CLASS-913
7040,CLASS-913
7046,CLASS-947
7047,CLASS-947
7050,CLASS-947
7059,CLASS-947
7060,CLASS-947
7061,CLASS-947
7063,CLASS-947
7066,CLASS-947
7070,CLASS-947
7073,CLASS-947
7074,CLASS-947
7075,CLASS-947
7077,CLASS-913
7085,CLASS-913
7086,CLASS-913
7087,CLASS-913
7089,CLASS-913
7092,CLASS-913
7095,CLASS-913
7097,CLASS-913
7107,CLASS-913
7110,CLASS-913
7120,CLASS-947
7128,CLASS-913
7131,CLASS-913
7134,CLASS-913
7135,CLASS-913
7147,CLASS-913
7150,CLASS-913
7153,CLASS-913
7160,CLASS-913
7161,CLASS-913
7164,CLASS-913
7167,CLASS-913
7175,CLASS-913
7177,CLASS-913
7179,CLASS-913
7180,CLASS-913
7185,CLASS-49
7189,CLASS-49
7190,CLASS-49
7192,CLASS-913
7194,CLASS-913
7198,CLASS-913
7199,CLASS-913
7200,CLASS-913
7201,CLASS-913
7209,CLASS-913
7213,CLASS-947
7215,CLASS-947
7219,CLASS-947
7221,CLASS-947
7223,CLASS-947
7225,CLASS-947
7227,CLASS-947
7233,CLASS-947
7239,CLASS-947
7240,CLASS-947
7241,CLASS-947
7243,CLASS-947
7248,CLASS-947
7253,CLASS-947
7256,CLASS-947
7261,CLASS-947
7265,CLASS-947
7266,CLASS-947
7271,CLASS-913
7274,CLASS-913
7276,CLASS-913
7281,CLASS-913
7287,CLASS-913
7291,CLASS-913
7294,CLASS-913
7296,CLASS-913
7298,CLASS-913
7300,CLASS-913
7305,CLASS-913
7308,CLASS-947
7310,CLASS-913
7311,CLASS-913
7312,CLASS-913
7313,CLASS-913
7316,CLASS-913
7322,CLASS-913
7323,CLASS-913
7324,CLASS-913
7331,CLASS-913
7335,CLASS-913
7338,CLASS-913
7340,CLASS-913
7341,CLASS-913
7343,CLASS-913
7345,CLASS-913
7348,CLASS-913
7353,CLASS-913
7357,CLASS-913
7358,CLASS-913
7364,CLASS-913
7373,CLASS-913
7376,CLASS-913
7377,CLASS-913
7383,CLASS-913
7384,CLASS-913
7386,CLASS-913
7388,CLASS-913
7391,CLASS-913
7395,CLASS-913
7396,CLASS-913
7399,CLASS-913
7401,CLASS-913
7403,CLASS-913
7406,CLASS-913
7414,CLASS-913
7429,CLASS-913
7430,CLASS-913
7434,CLASS-913
7438,CLASS-913
7445,CLASS-913
7447,CLASS-913
7453,CLASS-913
7457,CLASS-913
7459,CLASS-913
7460,CLASS-913
7471,CLASS-913
7472,CLASS-913
7474,CLASS-913
7481,CLASS-913
7483,CLASS-913
7486,CLASS-913
7493,CLASS-913
7504,CLASS-913
7508,CLASS-913
7509,CLASS-913
7513,CLASS-913
7517,CLASS-913
7518,CLASS-913
7519,CLASS-913
7521,CLASS-913
7522,CLASS-913
7525,CLASS-913
7526,CLASS-913
7529,CLASS-913
7534,CLASS-913
7542,CLASS-913
7543,CLASS-913
7544,CLASS-913
7552,CLASS-913
7558,CLASS-913
7562,CLASS-913
7564,CLASS-913
7566,CLASS-913
7568,CLASS-913
7571,CLASS-913
7575,CLASS-913
7576,CLASS-913
7579,CLASS-913
7588,CLASS-947
7592,CLASS-913
7594,CLASS-947
7595,CLASS-947
7597,CLASS-913
7599,CLASS-913
7606,CLASS-913
7611,CLASS-913
7613,CLASS-913
7615,CLASS-913
7616,CLASS-913
7618,CLASS-913
7620,CLASS-913
7623,CLASS-913
7624,CLASS-913
7626,CLASS-913
7628,CLASS-913
7630,CLASS-913
7640,CLASS-913
7646,CLASS-913
7647,CLASS-913
7651,CLASS-913
7652,CLASS-913
7653,CLASS-913
7664,CLASS-913
7668,CLASS-913
7672,CLASS-913
7680,CLASS-913
7683,CLASS-913
7686,CLASS-913
7699,CLASS-913
7700,CLASS-913
7714,CLASS-913
7718,CLASS-758
7722,CLASS-758
7726,CLASS-758
7728,CLASS-758
7729,CLASS-758
7734,CLASS-913
7740,CLASS-913
7742,CLASS-913
7745,CLASS-913
7748,CLASS-913
7750,CLASS-913
7754,CLASS-913
7757,CLASS-913
7761,CLASS-913
7765,CLASS-913
7766,CLASS-913
7770,CLASS-913
7773,CLASS-913
7774,CLASS-913
7777,CLASS-913
7782,CLASS-913
7783,CLASS-913
7784,CLASS-947
7795,CLASS-571
7798,CLASS-571
7802,CLASS-571
7807,CLASS-571
7809,CLASS-571
7811,CLASS-947
7813,CLASS-571
7815,CLASS-947
7819,CLASS-571
7821,CLASS-571
7827,CLASS-571
7831,CLASS-571
7832,CLASS-571
7833,CLASS-571
7835,CLASS-571
7836,CLASS-571
7838,CLASS-571
7841,CLASS-571
7848,CLASS-571
7852,CLASS-571
7854,CLASS-571
7869,CLASS-671
7870,CLASS-671
7872,CLASS-671
7876,CLASS-571
7877,CLASS-571
7878,CLASS-947
7880,CLASS-571
7881,CLASS-947
7883,CLASS-671
7885,CLASS-571
7893,CLASS-671
7894,CLASS-671
7895,CLASS-947
7907,CLASS-571
7911,CLASS-671
7917,CLASS-571
7923,CLASS-571
7928,CLASS-230
7929,CLASS-913
7931,CLASS-230
7932,CLASS-758
7933,CLASS-230
7935,CLASS-230
7939,CLASS-230
7945,CLASS-230
7950,CLASS-230
7955,CLASS-230
7957,CLASS-230
7958,CLASS-230
7959,CLASS-230
7960,CLASS-230
7974,CLASS-230
7975,CLASS-230
7977,CLASS-230
7983,CLASS-230
7989,CLASS-947
7992,CLASS-947
7993,CLASS-947
7998,CLASS-947
8010,CLASS-947
